sentiment,text,user
"neutral","RT @3novices: Angela Merkel calls Russian invasion 'turning point' for Europe https://t.co/necmWFxpyd #3Novices #Meghashyam Thiruveedula #Dâ€¦","LuisaRagni"
"negative","RT @DominoDataLab: Learn from the creators of @RayDistributed and #Python to the leaders implementing cutting edge data science at the worlâ€¦","XeronBot"
"negative","RT @DominoDataLab: Learn from the creators of @RayDistributed and #Python to the leaders implementing cutting edge data science at the worlâ€¦","grantho"
"neutral","RT @ragipsoylu: Current control of territory in Ukraine by ISW https://t.co/iziuALTFXx","Data_Science_11"
"neutral","Technically, if 442.2% of the population is in the medium risk category, that would be all of the US population 4.4â€¦ https://t.co/ZJOIVwqyAr","sporksys"
"negative","@rachbarnhart With due respect, your point was bashing medtwitter for saying because CDC guidance has changed, withâ€¦ https://t.co/BPQ8On4i2W","PaulKingsley7"
"neutral","RT @ipfconline1: Different Roles In #DataScience\n\nhttps://t.co/JQ7dnutrtO v/ @DataScienceDojo\n\n#AI #MachineLearning #100daysOfCode #Pythonâ€¦","sprint_code"
"neutral","\"Investigadores del Instituto de Big Data de la Universidad de Oxford han dado un gran paso haci cartografÃ­a de laâ€¦ https://t.co/luZh925rgT","Mximo49328434"
"neutral","By Kurt Cagle ğŸ‘¨ https://t.co/OnRV4m88my\nScene Graphs and Semantics ğŸŒ https://t.co/E6VpnFIg4l on Data Science Centraâ€¦ https://t.co/y3uedMiF4Y","Datasciencectrl"
"positive","RT @udemy_offer: Free Udemy Certificate Course- 100+ Exercises - Python - Data Science - NumPy - 2022\n\nhttps://t.co/FXWcvELoeH\n\n#Developersâ€¦","websketchtech"
"positive","RT @VPrasadMDMPH: Wow, I see the CDC now recommends you wear a mask that does NOT work (cloth) at a threshold that is NOT based on any dataâ€¦","Padres1955"
"neutral","RT @Fransisco1530: ã‚¦ã‚¯ãƒ©ã‚¤ãƒŠå´ã®æƒ…å ±ã§ã™ãŒã€ãƒ­ã‚·ã‚¢è»å…µå£«3500åãŒæˆ¦æ­»ã¨ã®ã“ã¨\n\nãªã«ãŒæ‚²ã—ã„ã£ã¦ã€äº¡ããªã£ã¦ã„ã£ãŸãƒ­ã‚·ã‚¢å…µé”ã¯ç‹¬è£è€…ã®é‡æœ›ã®ãŸã‚ã«å…„å¼Ÿå›½ã«ä¾µç•¥ã™ã‚‹æ¨ã¦é§’ã¨ã•ã‚ŒãŸä¸Šã€ä¸–ç•Œä¸­ã‹ã‚‰æ‚ªã¨ã—ã¦ç½µå€’ã•ã‚Œã‚‹ã€‚\nãã£ã¨å¹³æ™‚ãªã‚‰æ™®é€šã«ã„ã„äººé”ã®ã¯ãšã ã€‚ã‚„ã‚Šâ€¦","Data_Science_11"
"positive","RT @VPrasadMDMPH: Wow, I see the CDC now recommends you wear a mask that does NOT work (cloth) at a threshold that is NOT based on any dataâ€¦","nolele20"
"neutral","RT @driainstyles: Professorial posts in Computer Science @uobcompsci @unibirmingham. Strength in AI, Data Science, Computational Life Scienâ€¦","sagzehn"
"positive","@tunguz I interviewed several data science candidates this week. For tech ?s, I asked primarily about the differentâ€¦ https://t.co/VTlMa23fk3","natevrack"
"positive","RT @VPrasadMDMPH: Wow, I see the CDC now recommends you wear a mask that does NOT work (cloth) at a threshold that is NOT based on any dataâ€¦","Mari0Bishara"
"positive","RT @VPrasadMDMPH: Wow, I see the CDC now recommends you wear a mask that does NOT work (cloth) at a threshold that is NOT based on any dataâ€¦","VslMl1"
"negative","RT @Moth74013415: @helensaxby11 @Christi49034502 @timspector @TwinsUKres Bloody hell! Downloaded it this morning to start filling in dailyâ€¦","virtuallyearth"
"positive","RT @VPrasadMDMPH: Wow, I see the CDC now recommends you wear a mask that does NOT work (cloth) at a threshold that is NOT based on any dataâ€¦","rgrayaz"
"positive","@notyourhacker_ Data Science is an amazing field too.ğŸ™Œ","ANoorTM"
"neutral","@ConcernedinPV @Badams820 @CosmicIndiffer1 @MistressRedWasp @asjah8 @Wanderinglord @Vickie627 @radicalcentrstâ€¦ https://t.co/GxhgvsFPaz","queenicarius1"
"positive","RT @VPrasadMDMPH: Wow, I see the CDC now recommends you wear a mask that does NOT work (cloth) at a threshold that is NOT based on any dataâ€¦","awoken36"
"positive","RT @VPrasadMDMPH: Wow, I see the CDC now recommends you wear a mask that does NOT work (cloth) at a threshold that is NOT based on any dataâ€¦","JonEmerick1"
"positive","RT @AISciencesLearn: Join Al sciences for more awesome Al and data science content ğŸ¤–\n.\n.\n.\n.\n.\n#datascience #ai #mathematics #calculus #algâ€¦","_Jakashi"
"positive","RT @VPrasadMDMPH: Wow, I see the CDC now recommends you wear a mask that does NOT work (cloth) at a threshold that is NOT based on any dataâ€¦","Mountai85171539"
"neutral","ãƒ­ã‚·ã‚¢ã®ï¼³ï¼·ï¼©ï¼¦ï¼´æ’é™¤æ±ºå®šé–“è¿‘ã‹ã€ã€Œæ•°æ—¥å†…ã€ã¨ãƒ¦ãƒ¼ãƒ­åœã®ä¸­éŠ€å¹¹éƒ¨ https://t.co/WzcZ5J20fu","Data_Science_11"
"negative","RT @RosanaFerrero: Ejemplos de casos de uso de Inteligencia Artificial\nRT @DrJDrooghaagğŸ“\n#AI #ML #100DaysOfCode #DataAnalytics #DataScientiâ€¦","BJaramilloV"
"positive","RT @NandoDF: This morning I gave a high-level talk on transformers and AlphaCode at the South East Asia GoTo Data Science Conference 2022:â€¦","IgorCarron"
"positive","RT @VPrasadMDMPH: Wow, I see the CDC now recommends you wear a mask that does NOT work (cloth) at a threshold that is NOT based on any dataâ€¦","ProfKrisChen"
"positive","RT @VPrasadMDMPH: Wow, I see the CDC now recommends you wear a mask that does NOT work (cloth) at a threshold that is NOT based on any dataâ€¦","DebbraT"
"neutral","RT @_eldeeno: [6] @hackyayandy: Project Management \n[7] @Dabo_Modii : Starting a career in data science/Analytics\n[8] @teemerhtafoki: Commuâ€¦","Dabo_Modii"
"positive","RT @VPrasadMDMPH: Wow, I see the CDC now recommends you wear a mask that does NOT work (cloth) at a threshold that is NOT based on any dataâ€¦","anapatrick1111"
"positive","RT @lux_academy: Hey everyone!! Just 30 minutes left to our event, just make yourself a coffee and join us at this live online event focuseâ€¦","gatere_mark"
"neutral","Applications of Graph Data Science https://t.co/cHLWXD4NqZ via @YouTube","amitpaulekka4"
"neutral","RT @ReutersJapan: ã€Œã‚ã‚Œã‚ã‚Œã¯ã‚ãŒå›½ã®ç‹¬ç«‹ã‚’å®ˆã‚‹ã€‚ãã‚ŒãŒã‚ã‚Œã‚‰ã®æœªæ¥ã ã€‚ç”·æ€§ã‚‚å¥³æ€§ã‚‚ã€ã‚ãŒå›½ã‚’å®ˆã‚‹äººã€…ã«æ „å…‰ã‚ã‚Œï¼ #ã‚¦ã‚¯ãƒ©ã‚¤ãƒŠ ã«æ „å…‰ã‚ã‚Œï¼ã€ï¼ˆã‚¦ã‚¯ãƒ©ã‚¤ãƒŠã®ã‚¼ãƒ¬ãƒ³ã‚¹ã‚­ãƒ¼å¤§çµ±é ˜ï¼‰ https://t.co/duyELxLzS7","Data_Science_11"
"neutral","Russia watchdog tells media not to use words 'invasion' and 'assault' https://t.co/9l7uc3hcL4 #3Novices #Meghashyamâ€¦ https://t.co/x9DoP8QOkI","3novices"
"neutral","Air India plane departs from Mumbai for Bucharest to evacuate Indians stranded in Ukraine https://t.co/Ofv7dxhtmFâ€¦ https://t.co/XmNUX0LjFm","3novices"
"neutral","Street fighting begins in Kyiv; people urged to seek shelter https://t.co/PfqOZwD6vQ #3Novices #Meghashyam Thiruveeâ€¦ https://t.co/kEcVvbPcEv","3novices"
"neutral","Russia to restrict Facebook access for 'censoring' its media https://t.co/8jBL8F7GDm #3Novices #Meghashyam Thiruveeâ€¦ https://t.co/bfsPB3aCho","3novices"
"neutral","US, EU agree to freeze assets of Russia's Putin, Lavrov https://t.co/vz3sIL8Bq1 #3Novices #Meghashyam Thiruveedulaâ€¦ https://t.co/yIUBRyB25k","3novices"
"positive","New US Covid guidelines allow most Americans to go mask-free indoors https://t.co/8Bp4qob0QN #3Novices #Meghashyamâ€¦ https://t.co/StAbAumLi4","3novices"
"negative","Biden nominates Ketanji Brown Jackson as 1st Black woman to serve on US Supreme Court https://t.co/d5nqIXTedFâ€¦ https://t.co/Kmvr3HkJ0R","3novices"
"neutral","Kalashnikov in hand, ex-prez Petro Poroshenko says Putin can never catch Ukraine https://t.co/37PWgMfLu3 #3Novicesâ€¦ https://t.co/837vb8BiTY","3novices"
"neutral","Magnitude 6.2 earthquake kills 7 on Indonesia's Sumatra https://t.co/PCrlIFqoTp #3Novices #Meghashyam Thiruveedulaâ€¦ https://t.co/y5jKkcjmBI","3novices"
"neutral","EU agrees to freeze Putin, Lavrov assets over Ukraine https://t.co/H2Yaoaiv2i #3Novices #Meghashyam Thiruveedulaâ€¦ https://t.co/LWXhkroajl","3novices"
"positive","Kremlin says Putin ready to send delegation to Minsk for Ukraine talks https://t.co/pZeMG5L6Wt #3Novicesâ€¦ https://t.co/hcZS0g67H6","3novices"
"neutral","Xi tells Putin that China supports efforts to resolve Ukraine crisis via dialogue: Chinese state mediaâ€¦ https://t.co/3iNAljkB0C","3novices"
"neutral","Angela Merkel calls Russian invasion 'turning point' for Europe https://t.co/necmWFxpyd #3Novices #Meghashyam Thiruâ€¦ https://t.co/WCoAFc8ZlJ","3novices"
"positive","Zelensky tells EU more sanctions needed to 'increase' pressure on Russia https://t.co/hIInKYJeqY #3Novicesâ€¦ https://t.co/2rsctXgMVh","3novices"
"negative","Russia ready to talk if Ukraine army 'lays down arms': Foreign minister https://t.co/fn5tgsRkpS #3Novicesâ€¦ https://t.co/42o6KtUylE","3novices"
"positive","Data Science with Year of Professional Experience (BSc) | Courses | Queenâ€™s University B -  https://t.co/PExZfzDJDG #datascience #intoAInews","Neurons_AI"
"neutral","Build vs buy for data science platforms â€“ Analytics India Magazine - Engineering https://t.co/pxue1b4TXE #datascience #intoAInews","Neurons_AI"
"neutral","Data Engineer â€“ IT / SQL / Python / ETL / Data Science (m/w/d) â€“ I am Expat Germany -  https://t.co/suJXctw3Lp #datascience #intoAInews","Neurons_AI"
"neutral","RT @MalteKurz: Last week we (@PhilippBach_HH @MartinSpindler5) presented our causal ML #RStats #python ğŸ“¦ DoubleML to the Analytics, Insightâ€¦","MartinSpindler5"
"neutral","RT @reem_d132: Ù„Ù„Ù…Ù‡ØªÙ…ÙŠÙ† ÙÙŠ Ø§Ù„Ø¨ÙŠØ§Ù†Ø§Øª ÙˆØ§Ù„ØªØ­Ù„ÙŠÙ„ ğŸ‘‡ğŸ»\n\nÙ¡Ù¤ Ø¯ÙˆØ±Ø© Ù…Ø¬Ø§Ù†ÙŠØ© ØªÙ‚Ø¯Ù…Ù‡Ø§ Ù‡Ø§Ø±ÙØ§Ø±Ø¯ ÙÙŠ ØªØ­Ù„ÙŠÙ„ Ø§Ù„Ø¨ÙŠØ§Ù†Ø§Øª. \n\n@dr2alshehri\n\nğŸ‘‡ğŸ»\n\nhttps://t.co/JnPqfFOnâ€¦","_faMaram"
"neutral","RT: Datasciencectrl By Nikita Godse ğŸ‘¨\nIoT in Construction â€” Construction Technologyâ€™s Next Frontier ğŸŒâ€¦ https://t.co/1czjOEtt5g","shyamprasad_n"
"neutral","RT @ipfconline1: Different Roles In #DataScience\n\nhttps://t.co/JQ7dnutrtO v/ @DataScienceDojo\n\n#AI #MachineLearning #100daysOfCode #Pythonâ€¦","Fabriciosx"
"positive","RT @AISciencesLearn: Join Al sciences for more awesome Al and data science content ğŸ¤–\n.\n.\n.\n.\n.\n#datascience #ai #mathematics #calculus #algâ€¦","Fabriciosx"
"negative","RT @Moth74013415: @helensaxby11 @Christi49034502 @timspector @TwinsUKres Bloody hell! Downloaded it this morning to start filling in dailyâ€¦","Christi49034502"
"neutral","RT @AmirElayyan: Bayesian Inference and Markov Chain Monte Carlo Sampling in Python | by Jonny Hofmeister | Towards Data Science https://t.â€¦","fintasticdata"
"positive","RT @VPrasadMDMPH: Wow, I see the CDC now recommends you wear a mask that does NOT work (cloth) at a threshold that is NOT based on any dataâ€¦","sheeptweetZ"
"negative","@helensaxby11 @Christi49034502 @timspector @TwinsUKres Bloody hell! Downloaded it this morning to start filling inâ€¦ https://t.co/EkEzOCJv2N","Moth74013415"
"positive","RT @VPrasadMDMPH: Wow, I see the CDC now recommends you wear a mask that does NOT work (cloth) at a threshold that is NOT based on any dataâ€¦","smp2004"
"neutral","RT @ipfconline1: Different Roles In #DataScience\n\nhttps://t.co/JQ7dnutrtO v/ @DataScienceDojo\n\n#AI #MachineLearning #100daysOfCode #Pythonâ€¦","Fisher85M"
"neutral","RT @AmirElayyan: Bayesian Inference and Markov Chain Monte Carlo Sampling in Python | by Jonny Hofmeister | Towards Data Science https://t.â€¦","py_data_sci"
"neutral","RT @um_midas: The MIDAS Student Leadership Board is hosting an upcoming Career Panel centered on Women &amp; Data Science. The panel will be heâ€¦","michigan_AI"
"negative","RT @apsmunro: There is no excuse anymore for the blatant misuse of Danish #COVID19 data to score political points or promote some agenda, iâ€¦","MIGO_Offiziell"
"neutral","@BSc89937963 @MarshallCd @RandolphDoGood1 @Militant_Gnomes @jemmm85517813 @DrMarkJoyce1 @Veritatem2021â€¦ https://t.co/HejXeA3FyZ","ALefty123"
"positive","RT @AISciencesLearn: Join Al sciences for more awesome Al and data science content ğŸ¤–\n.\n.\n.\n.\n.\n#datascience #ai #mathematics #calculus #algâ€¦","py_data_sci"
"neutral","RT @ipfconline1: Different Roles In #DataScience\n\nhttps://t.co/JQ7dnutrtO v/ @DataScienceDojo\n\n#AI #MachineLearning #100daysOfCode #Pythonâ€¦","ADEYEMOADEKUNL2"
"neutral","RT @SharonEssays: @SharonEssays Building the machine learning model\n\n#AI #ML #DataAnalytics #DataScience #IoT #IIoT #PyTorch #flutterdev #Pâ€¦","BlkHwk0ps"
"neutral","Bayesian Inference and Markov Chain Monte Carlo Sampling in Python | by Jonny Hofmeister | Towards Data Science https://t.co/9tUuOMKOzv","AmirElayyan"
"positive","RT @VPrasadMDMPH: Wow, I see the CDC now recommends you wear a mask that does NOT work (cloth) at a threshold that is NOT based on any dataâ€¦","_Neelie__"
"neutral","RT @SharonEssays: @SharonEssays Building the machine learning model\n\n#AI #ML #DataAnalytics #DataScience #IoT #IIoT #PyTorch #flutterdev #Pâ€¦","_OliviaBot"
"neutral","RT @SharonEssays: @SharonEssays Building the machine learning model\n\n#AI #ML #DataAnalytics #DataScience #IoT #IIoT #PyTorch #flutterdev #Pâ€¦","py_data_sci"
"positive","data science is so interesting &amp; i will never shut up about it","karlaevvy"
"positive","RT @VPrasadMDMPH: Wow, I see the CDC now recommends you wear a mask that does NOT work (cloth) at a threshold that is NOT based on any dataâ€¦","Sa_MCDR"
"positive","Join Al sciences for more awesome Al and data science content ğŸ¤–\n.\n.\n.\n.\n.\n#datascience #ai #mathematics #calculusâ€¦ https://t.co/6YTMrCf36n","AISciencesLearn"
"negative","RT @AGEricSchmitt: As other states and the CDC are finally rolling back their mask mandates, remember that the science and the data didn'tâ€¦","tiossinob"
"positive","RT @VPrasadMDMPH: Wow, I see the CDC now recommends you wear a mask that does NOT work (cloth) at a threshold that is NOT based on any dataâ€¦","Falconer1701"
"positive","RT @glbabbington: â€œWe are at a much greater risk of misinterpreting the data with data vacuums, than sharing the data with proper science,â€¦","amvr2medwriter"
"positive","@Asquare012 Hahaha thatâ€™s me and my husband heâ€™s studying to be in data science and machine learning and me web devâ€¦ https://t.co/YX3WypYIsK","Milkdromeda333"
"positive","RT @VPrasadMDMPH: Wow, I see the CDC now recommends you wear a mask that does NOT work (cloth) at a threshold that is NOT based on any dataâ€¦","tw_gato"
"neutral","We offer Online class homework, assignment and exam expert help with\n\neconomics, business management,  data scienceâ€¦ https://t.co/od0sBmUVIM","HwExpert"
"neutral","We offer Online class homework, assignment and exam expert help with\n\neconomics, business management,  data scienceâ€¦ https://t.co/w2gllNm269","ChicagoEssays"
"neutral","We offer Online class homework, assignment and exam expert help with\n\neconomics, business management,  data scienceâ€¦ https://t.co/r6PdP0YxVJ","ZeroPlagiarism"
"positive","RT @lux_academy: Hey everyone!! Just 30 minutes left to our event, just make yourself a coffee and join us at this live online event focuseâ€¦","HarunMbaabu"
"neutral","Glossary of Data Science Terminology: A Beginnerâ€™s Guide https://t.co/xftZcHmTJJ #ai #machinelearningâ€¦ https://t.co/sKAXZ6dxrI","future_of_AI"
"neutral","RT @SharonEssays: @SharonEssays Building the machine learning model\n\n#AI #ML #DataAnalytics #DataScience #IoT #IIoT #PyTorch #flutterdev #Pâ€¦","XeronBot"
"neutral","@SharonEssays Building the machine learning model\n\n#AI #ML #DataAnalytics #DataScience #IoT #IIoT #PyTorchâ€¦ https://t.co/O0m8NZ1cHd","SharonEssays"
"neutral","@seanhannity No one can confirm this at all, people seem to think they can just throw numbers out there and weâ€™re sâ€¦ https://t.co/zxcKvjYJwS","ElijahYousif"
"positive","Free Udemy Certificate Course- 100+ Exercises - Python - Data Science - NumPy - 2022\n\nhttps://t.co/HFGefA1GHt","mild_rose"
"negative","Neither myself or my family will ever take\nâ€œthe j@b!â€\n\n&amp; after seeing the lies, fudged data &amp; fake science pushed bâ€¦ https://t.co/YVV7BC7hT5","BitcoinBez"
"positive","RT @VPrasadMDMPH: Wow, I see the CDC now recommends you wear a mask that does NOT work (cloth) at a threshold that is NOT based on any dataâ€¦","MoniqAR"
"negative","RT @DrMatthewSweet: @EliotWilson2 @theJeremyVine @johannhari101 Yes. Sorry to say that Johann misrepresents most of the science he tries toâ€¦","LeedsBookClub"
"neutral","RT @Datasciencectrl: By Nikita Godse ğŸ‘¨\nIoT in Construction â€” Construction Technologyâ€™s Next Frontier ğŸŒ https://t.co/EAS7ywJ5qR on Data Scieâ€¦","ravincap25"
"neutral","RT @NASAKennedy: The countdown is ON! ğŸš€âŒ›ï¸\n\n@NOAA's #GOEST is set to launch March 1 at 4:38pm ET atop @ULALaunch's Atlas V rocket. It'll proâ€¦","MESSAloveithere"
"positive","RT @VPrasadMDMPH: Wow, I see the CDC now recommends you wear a mask that does NOT work (cloth) at a threshold that is NOT based on any dataâ€¦","judybats"
"positive","RT @VPrasadMDMPH: Wow, I see the CDC now recommends you wear a mask that does NOT work (cloth) at a threshold that is NOT based on any dataâ€¦","stephen7778"
"positive","We are thrilled to uncover our logo for the Data Science club. Our dynamic logo resonates with the essence of the bâ€¦ https://t.co/vqJyhj70Tx","DSC_VITB"